,Date,Hijri,Day,Imsak,Fajr,Syuruk,Zohor,Asar,Maghrib,Isyak
0,1-Jan-24,19-Jak-1445,Monday,5:56 AM,6:06 AM,7:16 AM,1:19 PM,4:42 PM,7:16 PM,8:31 PM
1,2-Jan-24,20-Jak-1445,Tuesday,5:57 AM,6:07 AM,7:17 AM,1:20 PM,4:42 PM,7:17 PM,8:31 PM
2,3-Jan-24,21-Jak-1445,Wednesday,5:57 AM,6:07 AM,7:17 AM,1:20 PM,4:43 PM,7:17 PM,8:32 PM
3,4-Jan-24,22-Jak-1445,Thursday,5:58 AM,6:08 AM,7:18 AM,1:21 PM,4:43 PM,7:18 PM,8:32 PM
4,5-Jan-24,23-Jak-1445,Friday,5:58 AM,6:08 AM,7:18 AM,1:21 PM,4:44 PM,7:18 PM,8:33 PM
5,6-Jan-24,24-Jak-1445,Saturday,5:59 AM,6:09 AM,7:19 AM,1:22 PM,4:44 PM,7:19 PM,8:33 PM
6,7-Jan-24,25-Jak-1445,Sunday,5:59 AM,6:09 AM,7:19 AM,1:22 PM,4:44 PM,7:19 PM,8:34 PM
7,8-Jan-24,26-Jak-1445,Monday,6:00 AM,6:10 AM,7:19 AM,1:22 PM,4:45 PM,7:20 PM,8:34 PM
8,9-Jan-24,27-Jak-1445,Tuesday,6:00 AM,6:10 AM,7:20 AM,1:23 PM,4:45 PM,7:20 PM,8:34 PM
9,10-Jan-24,28-Jak-1445,Wednesday,6:00 AM,6:10 AM,7:20 AM,1:23 PM,4:46 PM,7:21 PM,8:35 PM
10,11-Jan-24,29-Jak-1445,Thursday,6:01 AM,6:11 AM,7:21 AM,1:24 PM,4:46 PM,7:21 PM,8:35 PM
11,12-Jan-24,30-Jak-1445,Friday,6:01 AM,6:11 AM,7:21 AM,1:24 PM,4:46 PM,7:21 PM,8:35 PM
12,13-Jan-24,01-Rej-1445,Saturday,6:02 AM,6:12 AM,7:21 AM,1:24 PM,4:47 PM,7:22 PM,8:36 PM
13,14-Jan-24,02-Rej-1445,Sunday,6:02 AM,6:12 AM,7:22 AM,1:25 PM,4:47 PM,7:22 PM,8:36 PM
14,15-Jan-24,03-Rej-1445,Monday,6:03 AM,6:13 AM,7:22 AM,1:25 PM,4:47 PM,7:23 PM,8:36 PM
15,16-Jan-24,04-Rej-1445,Tuesday,6:03 AM,6:13 AM,7:22 AM,1:26 PM,4:48 PM,7:23 PM,8:37 PM
16,17-Jan-24,05-Rej-1445,Wednesday,6:03 AM,6:13 AM,7:23 AM,1:26 PM,4:48 PM,7:23 PM,8:37 PM
17,18-Jan-24,06-Rej-1445,Thursday,6:04 AM,6:14 AM,7:23 AM,1:26 PM,4:48 PM,7:24 PM,8:37 PM
18,19-Jan-24,07-Rej-1445,Friday,6:04 AM,6:14 AM,7:23 AM,1:26 PM,4:49 PM,7:24 PM,8:37 PM
19,20-Jan-24,08-Rej-1445,Saturday,6:04 AM,6:14 AM,7:23 AM,1:27 PM,4:49 PM,7:24 PM,8:38 PM
20,21-Jan-24,09-Rej-1445,Sunday,6:05 AM,6:15 AM,7:24 AM,1:27 PM,4:49 PM,7:25 PM,8:38 PM
21,22-Jan-24,10-Rej-1445,Monday,6:05 AM,6:15 AM,7:24 AM,1:27 PM,4:49 PM,7:25 PM,8:38 PM
22,23-Jan-24,11-Rej-1445,Tuesday,6:05 AM,6:15 AM,7:24 AM,1:28 PM,4:50 PM,7:25 PM,8:38 PM
23,24-Jan-24,12-Rej-1445,Wednesday,6:06 AM,6:16 AM,7:24 AM,1:28 PM,4:50 PM,7:26 PM,8:39 PM
24,25-Jan-24,13-Rej-1445,Thursday,6:06 AM,6:16 AM,7:25 AM,1:28 PM,4:50 PM,7:26 PM,8:39 PM
25,26-Jan-24,14-Rej-1445,Friday,6:06 AM,6:16 AM,7:25 AM,1:28 PM,4:50 PM,7:26 PM,8:39 PM
26,27-Jan-24,15-Rej-1445,Saturday,6:07 AM,6:17 AM,7:25 AM,1:29 PM,4:50 PM,7:27 PM,8:39 PM
27,28-Jan-24,16-Rej-1445,Sunday,6:07 AM,6:17 AM,7:25 AM,1:29 PM,4:50 PM,7:27 PM,8:39 PM
28,29-Jan-24,17-Rej-1445,Monday,6:07 AM,6:17 AM,7:25 AM,1:29 PM,4:51 PM,7:27 PM,8:39 PM
29,30-Jan-24,18-Rej-1445,Tuesday,6:07 AM,6:17 AM,7:25 AM,1:29 PM,4:51 PM,7:27 PM,8:39 PM
30,31-Jan-24,19-Rej-1445,Wednesday,6:07 AM,6:17 AM,7:25 AM,1:29 PM,4:51 PM,7:27 PM,8:40 PM
31,1-Feb-24,20-Rej-1445,Thursday,6:08 AM,6:18 AM,7:25 AM,1:29 PM,4:51 PM,7:28 PM,8:40 PM
32,2-Feb-24,21-Rej-1445,Friday,6:08 AM,6:18 AM,7:26 AM,1:30 PM,4:51 PM,7:28 PM,8:40 PM
33,3-Feb-24,22-Rej-1445,Saturday,6:08 AM,6:18 AM,7:26 AM,1:30 PM,4:51 PM,7:28 PM,8:40 PM
34,4-Feb-24,23-Rej-1445,Sunday,6:08 AM,6:18 AM,7:26 AM,1:30 PM,4:51 PM,7:28 PM,8:40 PM
35,5-Feb-24,24-Rej-1445,Monday,6:08 AM,6:18 AM,7:26 AM,1:30 PM,4:51 PM,7:28 PM,8:40 PM
36,6-Feb-24,25-Rej-1445,Tuesday,6:08 AM,6:18 AM,7:26 AM,1:30 PM,4:51 PM,7:29 PM,8:40 PM
37,7-Feb-24,26-Rej-1445,Wednesday,6:08 AM,6:18 AM,7:26 AM,1:30 PM,4:51 PM,7:29 PM,8:40 PM
38,8-Feb-24,27-Rej-1445,Thursday,6:08 AM,6:18 AM,7:26 AM,1:30 PM,4:50 PM,7:29 PM,8:40 PM
39,9-Feb-24,28-Rej-1445,Friday,6:09 AM,6:19 AM,7:26 AM,1:30 PM,4:50 PM,7:29 PM,8:40 PM
40,10-Feb-24,29-Rej-1445,Saturday,6:09 AM,6:19 AM,7:26 AM,1:30 PM,4:50 PM,7:29 PM,8:40 PM
41,11-Feb-24,01-Syb-1445,Sunday,6:09 AM,6:19 AM,7:26 AM,1:30 PM,4:50 PM,7:29 PM,8:40 PM
42,12-Feb-24,02-Syb-1445,Monday,6:09 AM,6:19 AM,7:26 AM,1:30 PM,4:50 PM,7:29 PM,8:40 PM
43,13-Feb-24,03-Syb-1445,Tuesday,6:09 AM,6:19 AM,7:25 AM,1:30 PM,4:50 PM,7:29 PM,8:40 PM
44,14-Feb-24,04-Syb-1445,Wednesday,6:09 AM,6:19 AM,7:25 AM,1:30 PM,4:49 PM,7:29 PM,8:40 PM
45,15-Feb-24,05-Syb-1445,Thursday,6:09 AM,6:19 AM,7:25 AM,1:30 PM,4:49 PM,7:29 PM,8:40 PM
46,16-Feb-24,06-Syb-1445,Friday,6:09 AM,6:19 AM,7:25 AM,1:30 PM,4:49 PM,7:29 PM,8:40 PM
47,17-Feb-24,07-Syb-1445,Saturday,6:08 AM,6:18 AM,7:25 AM,1:30 PM,4:49 PM,7:29 PM,8:39 PM
48,18-Feb-24,08-Syb-1445,Sunday,6:08 AM,6:18 AM,7:25 AM,1:30 PM,4:48 PM,7:29 PM,8:39 PM
49,19-Feb-24,09-Syb-1445,Monday,6:08 AM,6:18 AM,7:25 AM,1:30 PM,4:48 PM,7:29 PM,8:39 PM
50,20-Feb-24,10-Syb-1445,Tuesday,6:08 AM,6:18 AM,7:25 AM,1:30 PM,4:48 PM,7:29 PM,8:39 PM
51,21-Feb-24,11-Syb-1445,Wednesday,6:08 AM,6:18 AM,7:24 AM,1:30 PM,4:47 PM,7:29 PM,8:39 PM
52,22-Feb-24,12-Syb-1445,Thursday,6:08 AM,6:18 AM,7:24 AM,1:30 PM,4:47 PM,7:29 PM,8:39 PM
53,23-Feb-24,13-Syb-1445,Friday,6:08 AM,6:18 AM,7:24 AM,1:29 PM,4:47 PM,7:29 PM,8:39 PM
54,24-Feb-24,14-Syb-1445,Saturday,6:08 AM,6:18 AM,7:24 AM,1:29 PM,4:46 PM,7:29 PM,8:39 PM
55,25-Feb-24,15-Syb-1445,Sunday,6:08 AM,6:18 AM,7:24 AM,1:29 PM,4:46 PM,7:29 PM,8:39 PM
56,26-Feb-24,16-Syb-1445,Monday,6:07 AM,6:17 AM,7:23 AM,1:29 PM,4:45 PM,7:29 PM,8:39 PM
57,27-Feb-24,17-Syb-1445,Tuesday,6:07 AM,6:17 AM,7:23 AM,1:29 PM,4:45 PM,7:29 PM,8:38 PM
58,28-Feb-24,18-Syb-1445,Wednesday,6:07 AM,6:17 AM,7:23 AM,1:29 PM,4:44 PM,7:29 PM,8:38 PM
59,29-Feb-24,19-Syb-1445,Thursday,6:07 AM,6:17 AM,7:23 AM,1:28 PM,4:44 PM,7:29 PM,8:38 PM
60,1-Mar-24,20-Syb-1445,Friday,6:06 AM,6:16 AM,7:22 AM,1:28 PM,4:43 PM,7:29 PM,8:38 PM
61,2-Mar-24,21-Syb-1445,Saturday,6:06 AM,6:16 AM,7:22 AM,1:28 PM,4:42 PM,7:29 PM,8:38 PM
62,3-Mar-24,22-Syb-1445,Sunday,6:06 AM,6:16 AM,7:22 AM,1:28 PM,4:42 PM,7:28 PM,8:38 PM
63,4-Mar-24,23-Syb-1445,Monday,6:06 AM,6:16 AM,7:21 AM,1:28 PM,4:41 PM,7:28 PM,8:37 PM
64,5-Mar-24,24-Syb-1445,Tuesday,6:05 AM,6:15 AM,7:21 AM,1:27 PM,4:41 PM,7:28 PM,8:37 PM
65,6-Mar-24,25-Syb-1445,Wednesday,6:05 AM,6:15 AM,7:21 AM,1:27 PM,4:40 PM,7:28 PM,8:37 PM
66,7-Mar-24,26-Syb-1445,Thursday,6:05 AM,6:15 AM,7:21 AM,1:27 PM,4:39 PM,7:28 PM,8:37 PM
67,8-Mar-24,27-Syb-1445,Friday,6:05 AM,6:15 AM,7:20 AM,1:27 PM,4:39 PM,7:28 PM,8:37 PM
68,9-Mar-24,28-Syb-1445,Saturday,6:04 AM,6:14 AM,7:20 AM,1:26 PM,4:38 PM,7:28 PM,8:37 PM
69,10-Mar-24,29-Syb-1445,Sunday,6:04 AM,6:14 AM,7:20 AM,1:26 PM,4:37 PM,7:27 PM,8:36 PM
70,11-Mar-24,30-Syb-1445,Monday,6:04 AM,6:14 AM,7:19 AM,1:26 PM,4:36 PM,7:27 PM,8:36 PM
71,12-Mar-24,01-Ram-1445,Tuesday,6:03 AM,6:13 AM,7:19 AM,1:26 PM,4:36 PM,7:27 PM,8:36 PM
72,13-Mar-24,02-Ram-1445,Wednesday,6:03 AM,6:13 AM,7:19 AM,1:25 PM,4:35 PM,7:27 PM,8:36 PM
73,14-Mar-24,03-Ram-1445,Thursday,6:03 AM,6:13 AM,7:18 AM,1:25 PM,4:34 PM,7:27 PM,8:36 PM
74,15-Mar-24,04-Ram-1445,Friday,6:02 AM,6:12 AM,7:18 AM,1:25 PM,4:33 PM,7:27 PM,8:35 PM
75,16-Mar-24,05-Ram-1445,Saturday,6:02 AM,6:12 AM,7:17 AM,1:25 PM,4:32 PM,7:26 PM,8:35 PM
76,17-Mar-24,06-Ram-1445,Sunday,6:01 AM,6:11 AM,7:17 AM,1:24 PM,4:32 PM,7:26 PM,8:35 PM
77,18-Mar-24,07-Ram-1445,Monday,6:01 AM,6:11 AM,7:17 AM,1:24 PM,4:31 PM,7:26 PM,8:35 PM
78,19-Mar-24,08-Ram-1445,Tuesday,6:01 AM,6:11 AM,7:16 AM,1:24 PM,4:30 PM,7:26 PM,8:35 PM
79,20-Mar-24,09-Ram-1445,Wednesday,6:00 AM,6:10 AM,7:16 AM,1:23 PM,4:29 PM,7:26 PM,8:35 PM
80,21-Mar-24,10-Ram-1445,Thursday,6:00 AM,6:10 AM,7:16 AM,1:23 PM,4:28 PM,7:26 PM,8:34 PM
81,22-Mar-24,11-Ram-1445,Friday,5:59 AM,6:09 AM,7:15 AM,1:23 PM,4:27 PM,7:25 PM,8:34 PM
82,23-Mar-24,12-Ram-1445,Saturday,5:59 AM,6:09 AM,7:15 AM,1:23 PM,4:26 PM,7:25 PM,8:34 PM
83,24-Mar-24,13-Ram-1445,Sunday,5:59 AM,6:09 AM,7:14 AM,1:22 PM,4:25 PM,7:25 PM,8:34 PM
84,25-Mar-24,14-Ram-1445,Monday,5:58 AM,6:08 AM,7:14 AM,1:22 PM,4:24 PM,7:25 PM,8:34 PM
85,26-Mar-24,15-Ram-1445,Tuesday,5:58 AM,6:08 AM,7:14 AM,1:22 PM,4:23 PM,7:25 PM,8:33 PM
86,27-Mar-24,16-Ram-1445,Wednesday,5:57 AM,6:07 AM,7:13 AM,1:21 PM,4:22 PM,7:24 PM,8:33 PM
87,28-Mar-24,17-Ram-1445,Thursday,5:57 AM,6:07 AM,7:13 AM,1:21 PM,4:21 PM,7:24 PM,8:33 PM
88,29-Mar-24,18-Ram-1445,Friday,5:56 AM,6:06 AM,7:13 AM,1:21 PM,4:21 PM,7:24 PM,8:33 PM
89,30-Mar-24,19-Ram-1445,Saturday,5:56 AM,6:06 AM,7:12 AM,1:20 PM,4:21 PM,7:24 PM,8:33 PM
90,31-Mar-24,20-Ram-1445,Sunday,5:56 AM,6:06 AM,7:12 AM,1:20 PM,4:22 PM,7:24 PM,8:33 PM
91,1-Apr-24,21-Ram-1445,Monday,5:55 AM,6:05 AM,7:11 AM,1:20 PM,4:22 PM,7:23 PM,8:32 PM
92,2-Apr-24,22-Ram-1445,Tuesday,5:55 AM,6:05 AM,7:11 AM,1:20 PM,4:23 PM,7:23 PM,8:32 PM
93,3-Apr-24,23-Ram-1445,Wednesday,5:54 AM,6:04 AM,7:11 AM,1:19 PM,4:23 PM,7:23 PM,8:32 PM
94,4-Apr-24,24-Ram-1445,Thursday,5:54 AM,6:04 AM,7:10 AM,1:19 PM,4:23 PM,7:23 PM,8:32 PM
95,5-Apr-24,25-Ram-1445,Friday,5:53 AM,6:03 AM,7:10 AM,1:19 PM,4:24 PM,7:23 PM,8:32 PM
96,6-Apr-24,26-Ram-1445,Saturday,5:53 AM,6:03 AM,7:10 AM,1:18 PM,4:24 PM,7:22 PM,8:32 PM
97,7-Apr-24,27-Ram-1445,Sunday,5:52 AM,6:02 AM,7:09 AM,1:18 PM,4:25 PM,7:22 PM,8:32 PM
98,8-Apr-24,28-Ram-1445,Monday,5:52 AM,6:02 AM,7:09 AM,1:18 PM,4:25 PM,7:22 PM,8:32 PM
99,9-Apr-24,29-Ram-1445,Tuesday,5:52 AM,6:02 AM,7:08 AM,1:18 PM,4:25 PM,7:22 PM,8:32 PM
100,10-Apr-24,01-Syw-1445,Wednesday,5:51 AM,6:01 AM,7:08 AM,1:17 PM,4:26 PM,7:22 PM,8:31 PM
101,11-Apr-24,02-Syw-1445,Thursday,5:51 AM,6:01 AM,7:08 AM,1:17 PM,4:26 PM,7:22 PM,8:31 PM
102,12-Apr-24,03-Syw-1445,Friday,5:50 AM,6:00 AM,7:07 AM,1:17 PM,4:26 PM,7:21 PM,8:31 PM
103,13-Apr-24,04-Syw-1445,Saturday,5:50 AM,6:00 AM,7:07 AM,1:16 PM,4:26 PM,7:21 PM,8:31 PM
104,14-Apr-24,05-Syw-1445,Sunday,5:49 AM,5:59 AM,7:07 AM,1:16 PM,4:27 PM,7:21 PM,8:31 PM
105,15-Apr-24,06-Syw-1445,Monday,5:49 AM,5:59 AM,7:06 AM,1:16 PM,4:27 PM,7:21 PM,8:31 PM
106,16-Apr-24,07-Syw-1445,Tuesday,5:49 AM,5:59 AM,7:06 AM,1:16 PM,4:27 PM,7:21 PM,8:31 PM
107,17-Apr-24,08-Syw-1445,Wednesday,5:48 AM,5:58 AM,7:06 AM,1:16 PM,4:28 PM,7:21 PM,8:31 PM
108,18-Apr-24,09-Syw-1445,Thursday,5:48 AM,5:58 AM,7:06 AM,1:15 PM,4:28 PM,7:21 PM,8:31 PM
109,19-Apr-24,10-Syw-1445,Friday,5:47 AM,5:57 AM,7:05 AM,1:15 PM,4:28 PM,7:20 PM,8:31 PM
110,20-Apr-24,11-Syw-1445,Saturday,5:47 AM,5:57 AM,7:05 AM,1:15 PM,4:28 PM,7:20 PM,8:31 PM
111,21-Apr-24,12-Syw-1445,Sunday,5:47 AM,5:57 AM,7:05 AM,1:15 PM,4:29 PM,7:20 PM,8:31 PM
112,22-Apr-24,13-Syw-1445,Monday,5:46 AM,5:56 AM,7:04 AM,1:14 PM,4:29 PM,7:20 PM,8:31 PM
113,23-Apr-24,14-Syw-1445,Tuesday,5:46 AM,5:56 AM,7:04 AM,1:14 PM,4:29 PM,7:20 PM,8:31 PM
114,24-Apr-24,15-Syw-1445,Wednesday,5:46 AM,5:56 AM,7:04 AM,1:14 PM,4:29 PM,7:20 PM,8:31 PM
115,25-Apr-24,16-Syw-1445,Thursday,5:45 AM,5:55 AM,7:04 AM,1:14 PM,4:30 PM,7:20 PM,8:31 PM
116,26-Apr-24,17-Syw-1445,Friday,5:45 AM,5:55 AM,7:03 AM,1:14 PM,4:30 PM,7:20 PM,8:31 PM
117,27-Apr-24,18-Syw-1445,Saturday,5:45 AM,5:55 AM,7:03 AM,1:14 PM,4:30 PM,7:20 PM,8:31 PM
118,28-Apr-24,19-Syw-1445,Sunday,5:44 AM,5:54 AM,7:03 AM,1:13 PM,4:30 PM,7:20 PM,8:31 PM
119,29-Apr-24,20-Syw-1445,Monday,5:44 AM,5:54 AM,7:03 AM,1:13 PM,4:31 PM,7:20 PM,8:31 PM
120,30-Apr-24,21-Syw-1445,Tuesday,5:44 AM,5:54 AM,7:03 AM,1:13 PM,4:31 PM,7:20 PM,8:31 PM
121,1-May-24,22-Syw-1445,Wednesday,5:43 AM,5:53 AM,7:02 AM,1:13 PM,4:31 PM,7:20 PM,8:31 PM
122,2-May-24,23-Syw-1445,Thursday,5:43 AM,5:53 AM,7:02 AM,1:13 PM,4:31 PM,7:20 PM,8:31 PM
123,3-May-24,24-Syw-1445,Friday,5:43 AM,5:53 AM,7:02 AM,1:13 PM,4:32 PM,7:20 PM,8:31 PM
124,4-May-24,25-Syw-1445,Saturday,5:42 AM,5:52 AM,7:02 AM,1:13 PM,4:32 PM,7:20 PM,8:32 PM
125,5-May-24,26-Syw-1445,Sunday,5:42 AM,5:52 AM,7:02 AM,1:13 PM,4:32 PM,7:20 PM,8:32 PM
126,6-May-24,27-Syw-1445,Monday,5:42 AM,5:52 AM,7:02 AM,1:13 PM,4:32 PM,7:20 PM,8:32 PM
127,7-May-24,28-Syw-1445,Tuesday,5:42 AM,5:52 AM,7:01 AM,1:13 PM,4:33 PM,7:20 PM,8:32 PM
128,8-May-24,29-Syw-1445,Wednesday,5:42 AM,5:52 AM,7:01 AM,1:13 PM,4:33 PM,7:20 PM,8:32 PM
129,9-May-24,30-Syw-1445,Thursday,5:41 AM,5:51 AM,7:01 AM,1:12 PM,4:33 PM,7:20 PM,8:32 PM
130,10-May-24,01-Zkh-1445,Friday,5:41 AM,5:51 AM,7:01 AM,1:12 PM,4:33 PM,7:20 PM,8:32 PM
131,11-May-24,02-Zkh-1445,Saturday,5:41 AM,5:51 AM,7:01 AM,1:12 PM,4:33 PM,7:20 PM,8:33 PM
132,12-May-24,03-Zkh-1445,Sunday,5:41 AM,5:51 AM,7:01 AM,1:12 PM,4:34 PM,7:20 PM,8:33 PM
133,13-May-24,04-Zkh-1445,Monday,5:41 AM,5:51 AM,7:01 AM,1:12 PM,4:34 PM,7:20 PM,8:33 PM
134,14-May-24,05-Zkh-1445,Tuesday,5:40 AM,5:50 AM,7:01 AM,1:12 PM,4:34 PM,7:20 PM,8:33 PM
135,15-May-24,06-Zkh-1445,Wednesday,5:40 AM,5:50 AM,7:01 AM,1:12 PM,4:34 PM,7:20 PM,8:33 PM
136,16-May-24,07-Zkh-1445,Thursday,5:40 AM,5:50 AM,7:01 AM,1:12 PM,4:35 PM,7:20 PM,8:34 PM
137,17-May-24,08-Zkh-1445,Friday,5:40 AM,5:50 AM,7:01 AM,1:12 PM,4:35 PM,7:20 PM,8:34 PM
138,18-May-24,09-Zkh-1445,Saturday,5:40 AM,5:50 AM,7:01 AM,1:12 PM,4:35 PM,7:20 PM,8:34 PM
139,19-May-24,10-Zkh-1445,Sunday,5:40 AM,5:50 AM,7:01 AM,1:13 PM,4:35 PM,7:20 PM,8:34 PM
140,20-May-24,11-Zkh-1445,Monday,5:40 AM,5:50 AM,7:01 AM,1:13 PM,4:36 PM,7:21 PM,8:34 PM
141,21-May-24,12-Zkh-1445,Tuesday,5:40 AM,5:50 AM,7:01 AM,1:13 PM,4:36 PM,7:21 PM,8:35 PM
142,22-May-24,13-Zkh-1445,Wednesday,5:39 AM,5:49 AM,7:01 AM,1:13 PM,4:36 PM,7:21 PM,8:35 PM
143,23-May-24,14-Zkh-1445,Thursday,5:39 AM,5:49 AM,7:01 AM,1:13 PM,4:36 PM,7:21 PM,8:35 PM
144,24-May-24,15-Zkh-1445,Friday,5:39 AM,5:49 AM,7:01 AM,1:13 PM,4:37 PM,7:21 PM,8:35 PM
145,25-May-24,16-Zkh-1445,Saturday,5:39 AM,5:49 AM,7:01 AM,1:13 PM,4:37 PM,7:21 PM,8:36 PM
146,26-May-24,17-Zkh-1445,Sunday,5:39 AM,5:49 AM,7:01 AM,1:13 PM,4:37 PM,7:21 PM,8:36 PM
147,27-May-24,18-Zkh-1445,Monday,5:39 AM,5:49 AM,7:01 AM,1:13 PM,4:37 PM,7:22 PM,8:36 PM
148,28-May-24,19-Zkh-1445,Tuesday,5:39 AM,5:49 AM,7:01 AM,1:13 PM,4:38 PM,7:22 PM,8:36 PM
149,29-May-24,20-Zkh-1445,Wednesday,5:39 AM,5:49 AM,7:01 AM,1:13 PM,4:38 PM,7:22 PM,8:37 PM
150,30-May-24,21-Zkh-1445,Thursday,5:39 AM,5:49 AM,7:01 AM,1:14 PM,4:38 PM,7:22 PM,8:37 PM
151,31-May-24,22-Zkh-1445,Friday,5:39 AM,5:49 AM,7:01 AM,1:14 PM,4:38 PM,7:22 PM,8:37 PM
152,1-Jun-24,23-Zkh-1445,Saturday,5:39 AM,5:49 AM,7:01 AM,1:14 PM,4:39 PM,7:23 PM,8:37 PM
153,2-Jun-24,24-Zkh-1445,Sunday,5:39 AM,5:49 AM,7:02 AM,1:14 PM,4:39 PM,7:23 PM,8:38 PM
154,3-Jun-24,25-Zkh-1445,Monday,5:39 AM,5:49 AM,7:02 AM,1:14 PM,4:39 PM,7:23 PM,8:38 PM
155,4-Jun-24,26-Zkh-1445,Tuesday,5:40 AM,5:50 AM,7:02 AM,1:14 PM,4:40 PM,7:23 PM,8:38 PM
156,5-Jun-24,27-Zkh-1445,Wednesday,5:40 AM,5:50 AM,7:02 AM,1:15 PM,4:40 PM,7:23 PM,8:39 PM
157,6-Jun-24,28-Zkh-1445,Thursday,5:40 AM,5:50 AM,7:02 AM,1:15 PM,4:40 PM,7:24 PM,8:39 PM
158,7-Jun-24,29-Zkh-1445,Friday,5:40 AM,5:50 AM,7:02 AM,1:15 PM,4:40 PM,7:24 PM,8:39 PM
159,8-Jun-24,01-Zhj-1445,Saturday,5:40 AM,5:50 AM,7:02 AM,1:15 PM,4:41 PM,7:24 PM,8:39 PM
160,9-Jun-24,02-Zhj-1445,Sunday,5:40 AM,5:50 AM,7:03 AM,1:15 PM,4:41 PM,7:24 PM,8:40 PM
161,10-Jun-24,03-Zhj-1445,Monday,5:40 AM,5:50 AM,7:03 AM,1:16 PM,4:41 PM,7:24 PM,8:40 PM
162,11-Jun-24,04-Zhj-1445,Tuesday,5:40 AM,5:50 AM,7:03 AM,1:16 PM,4:41 PM,7:25 PM,8:40 PM
163,12-Jun-24,05-Zhj-1445,Wednesday,5:41 AM,5:51 AM,7:03 AM,1:16 PM,4:42 PM,7:25 PM,8:40 PM
164,13-Jun-24,06-Zhj-1445,Thursday,5:41 AM,5:51 AM,7:03 AM,1:16 PM,4:42 PM,7:25 PM,8:41 PM
165,14-Jun-24,07-Zhj-1445,Friday,5:41 AM,5:51 AM,7:04 AM,1:16 PM,4:42 PM,7:25 PM,8:41 PM
166,15-Jun-24,08-Zhj-1445,Saturday,5:41 AM,5:51 AM,7:04 AM,1:17 PM,4:42 PM,7:26 PM,8:41 PM
167,16-Jun-24,09-Zhj-1445,Sunday,5:41 AM,5:51 AM,7:04 AM,1:17 PM,4:43 PM,7:26 PM,8:42 PM
168,17-Jun-24,10-Zhj-1445,Monday,5:41 AM,5:51 AM,7:04 AM,1:17 PM,4:43 PM,7:26 PM,8:42 PM
169,18-Jun-24,11-Zhj-1445,Tuesday,5:42 AM,5:52 AM,7:04 AM,1:17 PM,4:43 PM,7:26 PM,8:42 PM
170,19-Jun-24,12-Zhj-1445,Wednesday,5:42 AM,5:52 AM,7:05 AM,1:17 PM,4:43 PM,7:27 PM,8:42 PM
171,20-Jun-24,13-Zhj-1445,Thursday,5:42 AM,5:52 AM,7:05 AM,1:18 PM,4:44 PM,7:27 PM,8:42 PM
172,21-Jun-24,14-Zhj-1445,Friday,5:42 AM,5:52 AM,7:05 AM,1:18 PM,4:44 PM,7:27 PM,8:43 PM
173,22-Jun-24,15-Zhj-1445,Saturday,5:42 AM,5:52 AM,7:05 AM,1:18 PM,4:44 PM,7:27 PM,8:43 PM
174,23-Jun-24,16-Zhj-1445,Sunday,5:43 AM,5:53 AM,7:05 AM,1:18 PM,4:44 PM,7:27 PM,8:43 PM
175,24-Jun-24,17-Zhj-1445,Monday,5:43 AM,5:53 AM,7:06 AM,1:19 PM,4:44 PM,7:28 PM,8:43 PM
176,25-Jun-24,18-Zhj-1445,Tuesday,5:43 AM,5:53 AM,7:06 AM,1:19 PM,4:45 PM,7:28 PM,8:43 PM
177,26-Jun-24,19-Zhj-1445,Wednesday,5:43 AM,5:53 AM,7:06 AM,1:19 PM,4:45 PM,7:28 PM,8:44 PM
178,27-Jun-24,20-Zhj-1445,Thursday,5:44 AM,5:54 AM,7:06 AM,1:19 PM,4:45 PM,7:28 PM,8:44 PM
179,28-Jun-24,21-Zhj-1445,Friday,5:44 AM,5:54 AM,7:07 AM,1:19 PM,4:45 PM,7:28 PM,8:44 PM
180,29-Jun-24,22-Zhj-1445,Saturday,5:44 AM,5:54 AM,7:07 AM,1:20 PM,4:45 PM,7:29 PM,8:44 PM
181,30-Jun-24,23-Zhj-1445,Sunday,5:44 AM,5:54 AM,7:07 AM,1:20 PM,4:45 PM,7:29 PM,8:44 PM
182,1-Jul-24,24-Zhj-1445,Monday,5:45 AM,5:55 AM,7:07 AM,1:20 PM,4:46 PM,7:29 PM,8:44 PM
183,2-Jul-24,25-Zhj-1445,Tuesday,5:45 AM,5:55 AM,7:07 AM,1:20 PM,4:46 PM,7:29 PM,8:44 PM
184,3-Jul-24,26-Zhj-1445,Wednesday,5:45 AM,5:55 AM,7:08 AM,1:20 PM,4:46 PM,7:29 PM,8:45 PM
185,4-Jul-24,27-Zhj-1445,Thursday,5:45 AM,5:55 AM,7:08 AM,1:21 PM,4:46 PM,7:29 PM,8:45 PM
186,5-Jul-24,28-Zhj-1445,Friday,5:46 AM,5:56 AM,7:08 AM,1:21 PM,4:46 PM,7:30 PM,8:45 PM
187,6-Jul-24,29-Zhj-1445,Saturday,5:46 AM,5:56 AM,7:08 AM,1:21 PM,4:46 PM,7:30 PM,8:45 PM
188,7-Jul-24,01-Muh-1446,Sunday,5:46 AM,5:56 AM,7:08 AM,1:21 PM,4:46 PM,7:30 PM,8:45 PM
189,8-Jul-24,02-Muh-1446,Monday,5:46 AM,5:56 AM,7:09 AM,1:21 PM,4:46 PM,7:30 PM,8:45 PM
190,9-Jul-24,03-Muh-1446,Tuesday,5:47 AM,5:57 AM,7:09 AM,1:21 PM,4:46 PM,7:30 PM,8:45 PM
191,10-Jul-24,04-Muh-1446,Wednesday,5:47 AM,5:57 AM,7:09 AM,1:21 PM,4:46 PM,7:30 PM,8:45 PM
192,11-Jul-24,05-Muh-1446,Thursday,5:47 AM,5:57 AM,7:09 AM,1:22 PM,4:46 PM,7:30 PM,8:45 PM
193,12-Jul-24,06-Muh-1446,Friday,5:47 AM,5:57 AM,7:09 AM,1:22 PM,4:46 PM,7:30 PM,8:45 PM
194,13-Jul-24,07-Muh-1446,Saturday,5:48 AM,5:58 AM,7:09 AM,1:22 PM,4:46 PM,7:30 PM,8:45 PM
195,14-Jul-24,08-Muh-1446,Sunday,5:48 AM,5:58 AM,7:10 AM,1:22 PM,4:46 PM,7:30 PM,8:45 PM
196,15-Jul-24,09-Muh-1446,Monday,5:48 AM,5:58 AM,7:10 AM,1:22 PM,4:46 PM,7:30 PM,8:45 PM
197,16-Jul-24,10-Muh-1446,Tuesday,5:48 AM,5:58 AM,7:10 AM,1:22 PM,4:46 PM,7:30 PM,8:45 PM
198,17-Jul-24,11-Muh-1446,Wednesday,5:48 AM,5:58 AM,7:10 AM,1:22 PM,4:46 PM,7:31 PM,8:45 PM
199,18-Jul-24,12-Muh-1446,Thursday,5:49 AM,5:59 AM,7:10 AM,1:22 PM,4:46 PM,7:31 PM,8:45 PM
200,19-Jul-24,13-Muh-1446,Friday,5:49 AM,5:59 AM,7:10 AM,1:22 PM,4:46 PM,7:31 PM,8:45 PM
201,20-Jul-24,14-Muh-1446,Saturday,5:49 AM,5:59 AM,7:10 AM,1:22 PM,4:46 PM,7:31 PM,8:45 PM
202,21-Jul-24,15-Muh-1446,Sunday,5:49 AM,5:59 AM,7:10 AM,1:22 PM,4:46 PM,7:31 PM,8:44 PM
203,22-Jul-24,16-Muh-1446,Monday,5:49 AM,5:59 AM,7:11 AM,1:23 PM,4:46 PM,7:30 PM,8:44 PM
204,23-Jul-24,17-Muh-1446,Tuesday,5:50 AM,6:00 AM,7:11 AM,1:23 PM,4:46 PM,7:30 PM,8:44 PM
205,24-Jul-24,18-Muh-1446,Wednesday,5:50 AM,6:00 AM,7:11 AM,1:23 PM,4:45 PM,7:30 PM,8:44 PM
206,25-Jul-24,19-Muh-1446,Thursday,5:50 AM,6:00 AM,7:11 AM,1:23 PM,4:45 PM,7:30 PM,8:44 PM
207,26-Jul-24,20-Muh-1446,Friday,5:50 AM,6:00 AM,7:11 AM,1:23 PM,4:45 PM,7:30 PM,8:44 PM
208,27-Jul-24,21-Muh-1446,Saturday,5:50 AM,6:00 AM,7:11 AM,1:23 PM,4:45 PM,7:30 PM,8:43 PM
209,28-Jul-24,22-Muh-1446,Sunday,5:50 AM,6:00 AM,7:11 AM,1:23 PM,4:44 PM,7:30 PM,8:43 PM
210,29-Jul-24,23-Muh-1446,Monday,5:50 AM,6:00 AM,7:11 AM,1:23 PM,4:44 PM,7:30 PM,8:43 PM
211,30-Jul-24,24-Muh-1446,Tuesday,5:51 AM,6:01 AM,7:11 AM,1:22 PM,4:44 PM,7:30 PM,8:43 PM
212,31-Jul-24,25-Muh-1446,Wednesday,5:51 AM,6:01 AM,7:11 AM,1:22 PM,4:44 PM,7:30 PM,8:43 PM
213,1-Aug-24,26-Muh-1446,Thursday,5:51 AM,6:01 AM,7:11 AM,1:22 PM,4:43 PM,7:30 PM,8:42 PM
214,2-Aug-24,27-Muh-1446,Friday,5:51 AM,6:01 AM,7:11 AM,1:22 PM,4:43 PM,7:29 PM,8:42 PM
215,3-Aug-24,28-Muh-1446,Saturday,5:51 AM,6:01 AM,7:11 AM,1:22 PM,4:43 PM,7:29 PM,8:42 PM
216,4-Aug-24,29-Muh-1446,Sunday,5:51 AM,6:01 AM,7:11 AM,1:22 PM,4:42 PM,7:29 PM,8:42 PM
217,5-Aug-24,30-Muh-1446,Monday,5:51 AM,6:01 AM,7:11 AM,1:22 PM,4:42 PM,7:29 PM,8:41 PM
218,6-Aug-24,01-Saf-1446,Tuesday,5:51 AM,6:01 AM,7:11 AM,1:22 PM,4:41 PM,7:29 PM,8:41 PM
219,7-Aug-24,02-Saf-1446,Wednesday,5:51 AM,6:01 AM,7:11 AM,1:22 PM,4:41 PM,7:29 PM,8:41 PM
220,8-Aug-24,03-Saf-1446,Thursday,5:51 AM,6:01 AM,7:11 AM,1:22 PM,4:40 PM,7:28 PM,8:40 PM
221,9-Aug-24,04-Saf-1446,Friday,5:51 AM,6:01 AM,7:11 AM,1:22 PM,4:40 PM,7:28 PM,8:40 PM
222,10-Aug-24,05-Saf-1446,Saturday,5:51 AM,6:01 AM,7:11 AM,1:21 PM,4:40 PM,7:28 PM,8:40 PM
223,11-Aug-24,06-Saf-1446,Sunday,5:51 AM,6:01 AM,7:10 AM,1:21 PM,4:39 PM,7:28 PM,8:39 PM
224,12-Aug-24,07-Saf-1446,Monday,5:51 AM,6:01 AM,7:10 AM,1:21 PM,4:38 PM,7:27 PM,8:39 PM
225,13-Aug-24,08-Saf-1446,Tuesday,5:51 AM,6:01 AM,7:10 AM,1:21 PM,4:38 PM,7:27 PM,8:38 PM
226,14-Aug-24,09-Saf-1446,Wednesday,5:51 AM,6:01 AM,7:10 AM,1:21 PM,4:37 PM,7:27 PM,8:38 PM
227,15-Aug-24,10-Saf-1446,Thursday,5:51 AM,6:01 AM,7:10 AM,1:20 PM,4:37 PM,7:27 PM,8:38 PM
228,16-Aug-24,11-Saf-1446,Friday,5:51 AM,6:01 AM,7:10 AM,1:20 PM,4:36 PM,7:26 PM,8:37 PM
229,17-Aug-24,12-Saf-1446,Saturday,5:51 AM,6:01 AM,7:10 AM,1:20 PM,4:35 PM,7:26 PM,8:37 PM
230,18-Aug-24,13-Saf-1446,Sunday,5:51 AM,6:01 AM,7:10 AM,1:20 PM,4:35 PM,7:26 PM,8:36 PM
231,19-Aug-24,14-Saf-1446,Monday,5:51 AM,6:01 AM,7:09 AM,1:20 PM,4:34 PM,7:25 PM,8:36 PM
232,20-Aug-24,15-Saf-1446,Tuesday,5:51 AM,6:01 AM,7:09 AM,1:19 PM,4:33 PM,7:25 PM,8:36 PM
233,21-Aug-24,16-Saf-1446,Wednesday,5:51 AM,6:01 AM,7:09 AM,1:19 PM,4:33 PM,7:25 PM,8:35 PM
234,22-Aug-24,17-Saf-1446,Thursday,5:51 AM,6:01 AM,7:09 AM,1:19 PM,4:32 PM,7:24 PM,8:35 PM
235,23-Aug-24,18-Saf-1446,Friday,5:51 AM,6:01 AM,7:09 AM,1:19 PM,4:31 PM,7:24 PM,8:34 PM
236,24-Aug-24,19-Saf-1446,Saturday,5:51 AM,6:01 AM,7:09 AM,1:18 PM,4:31 PM,7:24 PM,8:34 PM
237,25-Aug-24,20-Saf-1446,Sunday,5:51 AM,6:01 AM,7:08 AM,1:18 PM,4:30 PM,7:23 PM,8:33 PM
238,26-Aug-24,21-Saf-1446,Monday,5:50 AM,6:00 AM,7:08 AM,1:18 PM,4:29 PM,7:23 PM,8:33 PM
239,27-Aug-24,22-Saf-1446,Tuesday,5:50 AM,6:00 AM,7:08 AM,1:17 PM,4:28 PM,7:22 PM,8:32 PM
240,28-Aug-24,23-Saf-1446,Wednesday,5:50 AM,6:00 AM,7:08 AM,1:17 PM,4:27 PM,7:22 PM,8:32 PM
241,29-Aug-24,24-Saf-1446,Thursday,5:50 AM,6:00 AM,7:07 AM,1:17 PM,4:27 PM,7:22 PM,8:31 PM
242,30-Aug-24,25-Saf-1446,Friday,5:50 AM,6:00 AM,7:07 AM,1:17 PM,4:26 PM,7:21 PM,8:31 PM
243,31-Aug-24,26-Saf-1446,Saturday,5:50 AM,6:00 AM,7:07 AM,1:16 PM,4:25 PM,7:21 PM,8:30 PM
244,1-Sep-24,27-Saf-1446,Sunday,5:50 AM,6:00 AM,7:07 AM,1:16 PM,4:24 PM,7:20 PM,8:30 PM
245,2-Sep-24,28-Saf-1446,Monday,5:50 AM,6:00 AM,7:07 AM,1:16 PM,4:23 PM,7:20 PM,8:30 PM
246,3-Sep-24,29-Saf-1446,Tuesday,5:49 AM,5:59 AM,7:06 AM,1:15 PM,4:22 PM,7:20 PM,8:29 PM
247,4-Sep-24,30-Saf-1446,Wednesday,5:49 AM,5:59 AM,7:06 AM,1:15 PM,4:21 PM,7:19 PM,8:29 PM
248,5-Sep-24,01-Raw-1446,Thursday,5:49 AM,5:59 AM,7:06 AM,1:15 PM,4:20 PM,7:19 PM,8:28 PM
249,6-Sep-24,02-Raw-1446,Friday,5:49 AM,5:59 AM,7:06 AM,1:14 PM,4:19 PM,7:18 PM,8:28 PM
250,7-Sep-24,03-Raw-1446,Saturday,5:49 AM,5:59 AM,7:05 AM,1:14 PM,4:18 PM,7:18 PM,8:27 PM
251,8-Sep-24,04-Raw-1446,Sunday,5:48 AM,5:58 AM,7:05 AM,1:14 PM,4:17 PM,7:17 PM,8:27 PM
252,9-Sep-24,05-Raw-1446,Monday,5:48 AM,5:58 AM,7:05 AM,1:13 PM,4:16 PM,7:17 PM,8:26 PM
253,10-Sep-24,06-Raw-1446,Tuesday,5:48 AM,5:58 AM,7:04 AM,1:13 PM,4:15 PM,7:16 PM,8:26 PM
254,11-Sep-24,07-Raw-1446,Wednesday,5:48 AM,5:58 AM,7:04 AM,1:13 PM,4:14 PM,7:16 PM,8:25 PM
255,12-Sep-24,08-Raw-1446,Thursday,5:48 AM,5:58 AM,7:04 AM,1:12 PM,4:13 PM,7:16 PM,8:25 PM
256,13-Sep-24,09-Raw-1446,Friday,5:47 AM,5:57 AM,7:04 AM,1:12 PM,4:12 PM,7:15 PM,8:24 PM
257,14-Sep-24,10-Raw-1446,Saturday,5:47 AM,5:57 AM,7:03 AM,1:12 PM,4:12 PM,7:15 PM,8:24 PM
258,15-Sep-24,11-Raw-1446,Sunday,5:47 AM,5:57 AM,7:03 AM,1:11 PM,4:12 PM,7:14 PM,8:23 PM
259,16-Sep-24,12-Raw-1446,Monday,5:47 AM,5:57 AM,7:03 AM,1:11 PM,4:13 PM,7:14 PM,8:23 PM
260,17-Sep-24,13-Raw-1446,Tuesday,5:47 AM,5:57 AM,7:03 AM,1:10 PM,4:13 PM,7:13 PM,8:22 PM
261,18-Sep-24,14-Raw-1446,Wednesday,5:46 AM,5:56 AM,7:02 AM,1:10 PM,4:13 PM,7:13 PM,8:22 PM
262,19-Sep-24,15-Raw-1446,Thursday,5:46 AM,5:56 AM,7:02 AM,1:10 PM,4:13 PM,7:12 PM,8:21 PM
263,20-Sep-24,16-Raw-1446,Friday,5:46 AM,5:56 AM,7:02 AM,1:09 PM,4:14 PM,7:12 PM,8:21 PM
264,21-Sep-24,17-Raw-1446,Saturday,5:46 AM,5:56 AM,7:01 AM,1:09 PM,4:14 PM,7:11 PM,8:20 PM
265,22-Sep-24,18-Raw-1446,Sunday,5:45 AM,5:55 AM,7:01 AM,1:09 PM,4:14 PM,7:11 PM,8:20 PM
266,23-Sep-24,19-Raw-1446,Monday,5:45 AM,5:55 AM,7:01 AM,1:08 PM,4:14 PM,7:10 PM,8:19 PM
267,24-Sep-24,20-Raw-1446,Tuesday,5:45 AM,5:55 AM,7:01 AM,1:08 PM,4:15 PM,7:10 PM,8:19 PM
268,25-Sep-24,21-Raw-1446,Wednesday,5:45 AM,5:55 AM,7:00 AM,1:08 PM,4:15 PM,7:10 PM,8:18 PM
269,26-Sep-24,22-Raw-1446,Thursday,5:44 AM,5:54 AM,7:00 AM,1:07 PM,4:15 PM,7:09 PM,8:18 PM
270,27-Sep-24,23-Raw-1446,Friday,5:44 AM,5:54 AM,7:00 AM,1:07 PM,4:15 PM,7:09 PM,8:18 PM
271,28-Sep-24,24-Raw-1446,Saturday,5:44 AM,5:54 AM,7:00 AM,1:07 PM,4:16 PM,7:08 PM,8:17 PM
272,29-Sep-24,25-Raw-1446,Sunday,5:44 AM,5:54 AM,6:59 AM,1:06 PM,4:16 PM,7:08 PM,8:17 PM
273,30-Sep-24,26-Raw-1446,Monday,5:43 AM,5:53 AM,6:59 AM,1:06 PM,4:16 PM,7:07 PM,8:16 PM
274,1-Oct-24,27-Raw-1446,Tuesday,5:43 AM,5:53 AM,6:59 AM,1:06 PM,4:16 PM,7:07 PM,8:16 PM
275,2-Oct-24,28-Raw-1446,Wednesday,5:43 AM,5:53 AM,6:59 AM,1:05 PM,4:16 PM,7:07 PM,8:15 PM
276,3-Oct-24,29-Raw-1446,Thursday,5:43 AM,5:53 AM,6:58 AM,1:05 PM,4:16 PM,7:06 PM,8:15 PM
277,4-Oct-24,01-Rak-1446,Friday,5:42 AM,5:52 AM,6:58 AM,1:05 PM,4:17 PM,7:06 PM,8:15 PM
278,5-Oct-24,02-Rak-1446,Saturday,5:42 AM,5:52 AM,6:58 AM,1:04 PM,4:17 PM,7:05 PM,8:14 PM
279,6-Oct-24,03-Rak-1446,Sunday,5:42 AM,5:52 AM,6:58 AM,1:04 PM,4:17 PM,7:05 PM,8:14 PM
280,7-Oct-24,04-Rak-1446,Monday,5:42 AM,5:52 AM,6:57 AM,1:04 PM,4:17 PM,7:05 PM,8:14 PM
281,8-Oct-24,05-Rak-1446,Tuesday,5:42 AM,5:52 AM,6:57 AM,1:04 PM,4:17 PM,7:04 PM,8:13 PM
282,9-Oct-24,06-Rak-1446,Wednesday,5:41 AM,5:51 AM,6:57 AM,1:03 PM,4:17 PM,7:04 PM,8:13 PM
283,10-Oct-24,07-Rak-1446,Thursday,5:41 AM,5:51 AM,6:57 AM,1:03 PM,4:17 PM,7:03 PM,8:13 PM
284,11-Oct-24,08-Rak-1446,Friday,5:41 AM,5:51 AM,6:57 AM,1:03 PM,4:17 PM,7:03 PM,8:12 PM
285,12-Oct-24,09-Rak-1446,Saturday,5:41 AM,5:51 AM,6:56 AM,1:02 PM,4:17 PM,7:03 PM,8:12 PM
286,13-Oct-24,10-Rak-1446,Sunday,5:40 AM,5:50 AM,6:56 AM,1:02 PM,4:18 PM,7:02 PM,8:12 PM
287,14-Oct-24,11-Rak-1446,Monday,5:40 AM,5:50 AM,6:56 AM,1:02 PM,4:18 PM,7:02 PM,8:12 PM
288,15-Oct-24,12-Rak-1446,Tuesday,5:40 AM,5:50 AM,6:56 AM,1:02 PM,4:18 PM,7:02 PM,8:11 PM
289,16-Oct-24,13-Rak-1446,Wednesday,5:40 AM,5:50 AM,6:56 AM,1:02 PM,4:18 PM,7:01 PM,8:11 PM
290,17-Oct-24,14-Rak-1446,Thursday,5:40 AM,5:50 AM,6:56 AM,1:01 PM,4:18 PM,7:01 PM,8:11 PM
291,18-Oct-24,15-Rak-1446,Friday,5:40 AM,5:50 AM,6:56 AM,1:01 PM,4:18 PM,7:01 PM,8:11 PM
292,19-Oct-24,16-Rak-1446,Saturday,5:39 AM,5:49 AM,6:56 AM,1:01 PM,4:18 PM,7:01 PM,8:10 PM
293,20-Oct-24,17-Rak-1446,Sunday,5:39 AM,5:49 AM,6:55 AM,1:01 PM,4:18 PM,7:00 PM,8:10 PM
294,21-Oct-24,18-Rak-1446,Monday,5:39 AM,5:49 AM,6:55 AM,1:01 PM,4:18 PM,7:00 PM,8:10 PM
295,22-Oct-24,19-Rak-1446,Tuesday,5:39 AM,5:49 AM,6:55 AM,1:00 PM,4:18 PM,7:00 PM,8:10 PM
296,23-Oct-24,20-Rak-1446,Wednesday,5:39 AM,5:49 AM,6:55 AM,1:00 PM,4:19 PM,7:00 PM,8:10 PM
297,24-Oct-24,21-Rak-1446,Thursday,5:39 AM,5:49 AM,6:55 AM,1:00 PM,4:19 PM,6:59 PM,8:10 PM
298,25-Oct-24,22-Rak-1446,Friday,5:39 AM,5:49 AM,6:55 AM,1:00 PM,4:19 PM,6:59 PM,8:09 PM
299,26-Oct-24,23-Rak-1446,Saturday,5:38 AM,5:48 AM,6:55 AM,1:00 PM,4:19 PM,6:59 PM,8:09 PM
300,27-Oct-24,24-Rak-1446,Sunday,5:38 AM,5:48 AM,6:55 AM,1:00 PM,4:19 PM,6:59 PM,8:09 PM
301,28-Oct-24,25-Rak-1446,Monday,5:38 AM,5:48 AM,6:55 AM,1:00 PM,4:19 PM,6:59 PM,8:09 PM
302,29-Oct-24,26-Rak-1446,Tuesday,5:38 AM,5:48 AM,6:55 AM,1:00 PM,4:19 PM,6:59 PM,8:09 PM
303,30-Oct-24,27-Rak-1446,Wednesday,5:38 AM,5:48 AM,6:55 AM,1:00 PM,4:19 PM,6:58 PM,8:09 PM
304,31-Oct-24,28-Rak-1446,Thursday,5:38 AM,5:48 AM,6:55 AM,1:00 PM,4:20 PM,6:58 PM,8:09 PM
305,1-Nov-24,29-Rak-1446,Friday,5:38 AM,5:48 AM,6:55 AM,1:00 PM,4:20 PM,6:58 PM,8:09 PM
306,2-Nov-24,30-Rak-1446,Saturday,5:38 AM,5:48 AM,6:55 AM,1:00 PM,4:20 PM,6:58 PM,8:09 PM
307,3-Nov-24,01-Jaw-1446,Sunday,5:38 AM,5:48 AM,6:55 AM,1:00 PM,4:20 PM,6:58 PM,8:09 PM
308,4-Nov-24,02-Jaw-1446,Monday,5:38 AM,5:48 AM,6:55 AM,1:00 PM,4:20 PM,6:58 PM,8:09 PM
309,5-Nov-24,03-Jaw-1446,Tuesday,5:38 AM,5:48 AM,6:55 AM,1:00 PM,4:20 PM,6:58 PM,8:10 PM
310,6-Nov-24,04-Jaw-1446,Wednesday,5:38 AM,5:48 AM,6:55 AM,1:00 PM,4:20 PM,6:58 PM,8:10 PM
311,7-Nov-24,05-Jaw-1446,Thursday,5:38 AM,5:48 AM,6:56 AM,1:00 PM,4:21 PM,6:58 PM,8:10 PM
312,8-Nov-24,06-Jaw-1446,Friday,5:38 AM,5:48 AM,6:56 AM,1:00 PM,4:21 PM,6:58 PM,8:10 PM
313,9-Nov-24,07-Jaw-1446,Saturday,5:38 AM,5:48 AM,6:56 AM,1:00 PM,4:21 PM,6:58 PM,8:10 PM
314,10-Nov-24,08-Jaw-1446,Sunday,5:38 AM,5:48 AM,6:56 AM,1:00 PM,4:21 PM,6:58 PM,8:10 PM
315,11-Nov-24,09-Jaw-1446,Monday,5:38 AM,5:48 AM,6:56 AM,1:00 PM,4:21 PM,6:58 PM,8:10 PM
316,12-Nov-24,10-Jaw-1446,Tuesday,5:38 AM,5:48 AM,6:56 AM,1:00 PM,4:22 PM,6:58 PM,8:10 PM
317,13-Nov-24,11-Jaw-1446,Wednesday,5:38 AM,5:48 AM,6:56 AM,1:00 PM,4:22 PM,6:58 PM,8:11 PM
318,14-Nov-24,12-Jaw-1446,Thursday,5:38 AM,5:48 AM,6:57 AM,1:00 PM,4:22 PM,6:58 PM,8:11 PM
319,15-Nov-24,13-Jaw-1446,Friday,5:39 AM,5:49 AM,6:57 AM,1:01 PM,4:22 PM,6:59 PM,8:11 PM
320,16-Nov-24,14-Jaw-1446,Saturday,5:39 AM,5:49 AM,6:57 AM,1:01 PM,4:23 PM,6:59 PM,8:11 PM
321,17-Nov-24,15-Jaw-1446,Sunday,5:39 AM,5:49 AM,6:57 AM,1:01 PM,4:23 PM,6:59 PM,8:12 PM
322,18-Nov-24,16-Jaw-1446,Monday,5:39 AM,5:49 AM,6:58 AM,1:01 PM,4:23 PM,6:59 PM,8:12 PM
323,19-Nov-24,17-Jaw-1446,Tuesday,5:39 AM,5:49 AM,6:58 AM,1:01 PM,4:23 PM,6:59 PM,8:12 PM
324,20-Nov-24,18-Jaw-1446,Wednesday,5:39 AM,5:49 AM,6:58 AM,1:02 PM,4:24 PM,6:59 PM,8:12 PM
325,21-Nov-24,19-Jaw-1446,Thursday,5:40 AM,5:50 AM,6:58 AM,1:02 PM,4:24 PM,7:00 PM,8:13 PM
326,22-Nov-24,20-Jaw-1446,Friday,5:40 AM,5:50 AM,6:59 AM,1:02 PM,4:24 PM,7:00 PM,8:13 PM
327,23-Nov-24,21-Jaw-1446,Saturday,5:40 AM,5:50 AM,6:59 AM,1:02 PM,4:25 PM,7:00 PM,8:13 PM
328,24-Nov-24,22-Jaw-1446,Sunday,5:40 AM,5:50 AM,6:59 AM,1:03 PM,4:25 PM,7:00 PM,8:14 PM
329,25-Nov-24,23-Jaw-1446,Monday,5:41 AM,5:51 AM,7:00 AM,1:03 PM,4:25 PM,7:01 PM,8:14 PM
330,26-Nov-24,24-Jaw-1446,Tuesday,5:41 AM,5:51 AM,7:00 AM,1:03 PM,4:26 PM,7:01 PM,8:15 PM
331,27-Nov-24,25-Jaw-1446,Wednesday,5:41 AM,5:51 AM,7:01 AM,1:04 PM,4:26 PM,7:01 PM,8:15 PM
332,28-Nov-24,26-Jaw-1446,Thursday,5:41 AM,5:51 AM,7:01 AM,1:04 PM,4:26 PM,7:01 PM,8:15 PM
333,29-Nov-24,27-Jaw-1446,Friday,5:42 AM,5:52 AM,7:01 AM,1:04 PM,4:27 PM,7:02 PM,8:16 PM
334,30-Nov-24,28-Jaw-1446,Saturday,5:42 AM,5:52 AM,7:02 AM,1:05 PM,4:27 PM,7:02 PM,8:16 PM
335,1-Dec-24,29-Jaw-1446,Sunday,5:42 AM,5:52 AM,7:02 AM,1:05 PM,4:28 PM,7:02 PM,8:17 PM
336,2-Dec-24,30-Jaw-1446,Monday,5:43 AM,5:53 AM,7:03 AM,1:05 PM,4:28 PM,7:03 PM,8:17 PM
337,3-Dec-24,01-Jak-1446,Tuesday,5:43 AM,5:53 AM,7:03 AM,1:06 PM,4:28 PM,7:03 PM,8:17 PM
338,4-Dec-24,02-Jak-1446,Wednesday,5:43 AM,5:53 AM,7:03 AM,1:06 PM,4:29 PM,7:04 PM,8:18 PM
339,5-Dec-24,03-Jak-1446,Thursday,5:44 AM,5:54 AM,7:04 AM,1:07 PM,4:29 PM,7:04 PM,8:18 PM
340,6-Dec-24,04-Jak-1446,Friday,5:44 AM,5:54 AM,7:04 AM,1:07 PM,4:30 PM,7:04 PM,8:19 PM
341,7-Dec-24,05-Jak-1446,Saturday,5:45 AM,5:55 AM,7:05 AM,1:08 PM,4:30 PM,7:05 PM,8:19 PM
342,8-Dec-24,06-Jak-1446,Sunday,5:45 AM,5:55 AM,7:05 AM,1:08 PM,4:31 PM,7:05 PM,8:20 PM
343,9-Dec-24,07-Jak-1446,Monday,5:45 AM,5:55 AM,7:06 AM,1:08 PM,4:31 PM,7:06 PM,8:20 PM
344,10-Dec-24,08-Jak-1446,Tuesday,5:46 AM,5:56 AM,7:06 AM,1:09 PM,4:31 PM,7:06 PM,8:21 PM
345,11-Dec-24,09-Jak-1446,Wednesday,5:46 AM,5:56 AM,7:07 AM,1:09 PM,4:32 PM,7:06 PM,8:21 PM
346,12-Dec-24,10-Jak-1446,Thursday,5:47 AM,5:57 AM,7:07 AM,1:10 PM,4:32 PM,7:07 PM,8:22 PM
347,13-Dec-24,11-Jak-1446,Friday,5:47 AM,5:57 AM,7:08 AM,1:10 PM,4:33 PM,7:07 PM,8:22 PM
348,14-Dec-24,12-Jak-1446,Saturday,5:48 AM,5:58 AM,7:08 AM,1:11 PM,4:33 PM,7:08 PM,8:23 PM
349,15-Dec-24,13-Jak-1446,Sunday,5:48 AM,5:58 AM,7:09 AM,1:11 PM,4:34 PM,7:08 PM,8:23 PM
350,16-Dec-24,14-Jak-1446,Monday,5:49 AM,5:59 AM,7:09 AM,1:12 PM,4:34 PM,7:09 PM,8:24 PM
351,17-Dec-24,15-Jak-1446,Tuesday,5:49 AM,5:59 AM,7:10 AM,1:12 PM,4:35 PM,7:09 PM,8:24 PM
352,18-Dec-24,16-Jak-1446,Wednesday,5:50 AM,6:00 AM,7:10 AM,1:13 PM,4:35 PM,7:10 PM,8:25 PM
353,19-Dec-24,17-Jak-1446,Thursday,5:50 AM,6:00 AM,7:11 AM,1:13 PM,4:36 PM,7:10 PM,8:25 PM
354,20-Dec-24,18-Jak-1446,Friday,5:51 AM,6:01 AM,7:11 AM,1:14 PM,4:36 PM,7:11 PM,8:26 PM
355,21-Dec-24,19-Jak-1446,Saturday,5:51 AM,6:01 AM,7:11 AM,1:14 PM,4:37 PM,7:11 PM,8:26 PM
356,22-Dec-24,20-Jak-1446,Sunday,5:52 AM,6:02 AM,7:12 AM,1:15 PM,4:37 PM,7:12 PM,8:27 PM
357,23-Dec-24,21-Jak-1446,Monday,5:52 AM,6:02 AM,7:12 AM,1:15 PM,4:38 PM,7:12 PM,8:27 PM
358,24-Dec-24,22-Jak-1446,Tuesday,5:53 AM,6:03 AM,7:13 AM,1:16 PM,4:38 PM,7:13 PM,8:28 PM
359,25-Dec-24,23-Jak-1446,Wednesday,5:53 AM,6:03 AM,7:13 AM,1:16 PM,4:39 PM,7:13 PM,8:28 PM
360,26-Dec-24,24-Jak-1446,Thursday,5:54 AM,6:04 AM,7:14 AM,1:17 PM,4:39 PM,7:14 PM,8:29 PM
361,27-Dec-24,25-Jak-1446,Friday,5:54 AM,6:04 AM,7:14 AM,1:17 PM,4:40 PM,7:14 PM,8:29 PM
362,28-Dec-24,26-Jak-1446,Saturday,5:55 AM,6:05 AM,7:15 AM,1:18 PM,4:40 PM,7:15 PM,8:30 PM
363,29-Dec-24,27-Jak-1446,Sunday,5:55 AM,6:05 AM,7:15 AM,1:18 PM,4:41 PM,7:15 PM,8:30 PM
364,30-Dec-24,28-Jak-1446,Monday,5:56 AM,6:06 AM,7:16 AM,1:19 PM,4:41 PM,7:16 PM,8:30 PM
365,31-Dec-24,29-Jak-1446,Tuesday,5:56 AM,6:06 AM,7:16 AM,1:19 PM,4:42 PM,7:16 PM,8:31 PM
